GarageQual,GarageCond,Electrical,LotShape,SaleCondition,YrSold,SalePrice
TA,TA,SBrkr,Reg,Normal,2008,208500
TA,TA,SBrkr,Reg,Normal,2007,181500
TA,TA,SBrkr,IR1,Normal,2008,223500
TA,TA,SBrkr,IR1,Abnorml,2006,140000
TA,TA,SBrkr,IR1,Normal,2008,250000
TA,TA,SBrkr,IR1,Normal,2009,143000
TA,TA,SBrkr,Reg,Normal,2007,307000
TA,TA,SBrkr,IR1,Normal,2009,200000
Fa,TA,FuseF,Reg,Abnorml,2008,129900
Gd,TA,SBrkr,Reg,Normal,2008,118000
TA,TA,SBrkr,Reg,Normal,2008,129500
TA,TA,SBrkr,IR1,Partial,2006,345000
TA,TA,SBrkr,IR2,Normal,2008,144000
TA,TA,SBrkr,IR1,Partial,2007,279500
TA,TA,SBrkr,IR1,Normal,2008,157000
TA,TA,FuseA,Reg,Normal,2007,132000
TA,TA,SBrkr,IR1,Normal,2010,149000
TA,TA,SBrkr,Reg,Normal,2006,90000
TA,TA,SBrkr,Reg,Normal,2008,159000
TA,TA,SBrkr,Reg,Abnorml,2009,139000
TA,TA,SBrkr,IR1,Partial,2006,325300
TA,TA,FuseF,Reg,Normal,2007,139400
TA,TA,SBrkr,Reg,Normal,2008,230000
TA,TA,SBrkr,Reg,Normal,2007,129900
TA,TA,SBrkr,IR1,Normal,2010,154000
TA,TA,SBrkr,Reg,Normal,2009,256300
TA,TA,SBrkr,Reg,Normal,2010,134800
TA,TA,SBrkr,Reg,Normal,2010,306000
TA,TA,SBrkr,IR1,Normal,2006,207500
Fa,TA,SBrkr,IR1,Normal,2008,68500
TA,Fa,SBrkr,Reg,Normal,2008,40000
TA,TA,SBrkr,IR1,Normal,2008,149350
TA,TA,SBrkr,Reg,Normal,2008,179900
TA,TA,SBrkr,IR1,Normal,2010,165500
TA,TA,SBrkr,Reg,Normal,2007,277500
TA,TA,SBrkr,Reg,Normal,2006,309000
TA,TA,SBrkr,Reg,Normal,2009,145000
TA,TA,SBrkr,Reg,Normal,2009,153000
TA,TA,SBrkr,Reg,Abnorml,2010,109000
,,FuseP,Reg,AdjLand,2008,82000
TA,TA,SBrkr,Reg,Abnorml,2006,160000
TA,TA,SBrkr,Reg,Normal,2007,170000
TA,Gd,SBrkr,IR1,Normal,2007,144000
TA,TA,SBrkr,IR1,Normal,2008,130250
TA,TA,FuseA,Reg,Normal,2006,141000
TA,TA,SBrkr,Reg,Normal,2010,319900
TA,TA,SBrkr,IR1,Abnorml,2009,239686
TA,TA,SBrkr,Reg,Normal,2007,249700
,,SBrkr,Reg,Partial,2009,113000
TA,TA,SBrkr,Reg,Normal,2007,127000
TA,TA,SBrkr,IR2,Normal,2007,177000
TA,TA,SBrkr,Reg,Normal,2006,114500
TA,TA,SBrkr,IR2,Normal,2010,110000
TA,TA,SBrkr,IR1,Normal,2006,385000
TA,TA,SBrkr,Reg,Normal,2007,130000
TA,TA,SBrkr,IR1,Normal,2008,180500
TA,TA,SBrkr,Reg,Abnorml,2009,172500
TA,TA,SBrkr,IR1,Normal,2006,196500
TA,TA,SBrkr,IR2,Partial,2006,438780
TA,TA,SBrkr,Reg,Normal,2008,124900
TA,TA,SBrkr,Reg,Partial,2006,158000
TA,TA,SBrkr,Reg,Normal,2007,101000
TA,TA,SBrkr,IR1,Normal,2007,202500
TA,TA,SBrkr,IR1,Normal,2010,140000
TA,TA,SBrkr,Reg,Normal,2009,219500
TA,TA,SBrkr,Reg,Normal,2007,317000
TA,TA,SBrkr,Reg,Normal,2010,180000
TA,TA,SBrkr,IR1,Normal,2007,226000
TA,TA,SBrkr,Reg,Normal,2010,80000
TA,TA,SBrkr,Reg,Normal,2006,225000
TA,TA,SBrkr,IR1,Normal,2007,244000
TA,TA,SBrkr,Reg,Normal,2007,129500
TA,TA,SBrkr,IR1,Normal,2009,185000
TA,TA,SBrkr,Reg,Normal,2010,144900
TA,TA,SBrkr,Reg,Normal,2010,107400
TA,TA,SBrkr,Reg,Normal,2009,91000
TA,TA,FuseA,IR1,Normal,2008,135750
TA,TA,SBrkr,Reg,Normal,2008,127000
,,SBrkr,Reg,Normal,2010,136500
TA,TA,SBrkr,Reg,Normal,2009,110000
TA,TA,SBrkr,Reg,Normal,2009,193500
TA,TA,SBrkr,Reg,Normal,2006,153500
TA,TA,SBrkr,Reg,Normal,2008,245000
TA,TA,SBrkr,IR1,Normal,2007,126500
TA,TA,SBrkr,IR1,Normal,2009,168500
TA,TA,SBrkr,Reg,Normal,2006,260000
TA,TA,SBrkr,IR2,Normal,2009,174000
TA,TA,SBrkr,Reg,Partial,2009,164500
,,SBrkr,IR1,Abnorml,2009,85000
,,SBrkr,Reg,Normal,2007,123600
TA,TA,FuseA,Reg,Normal,2006,109900
TA,TA,SBrkr,Reg,Abnorml,2006,98600
TA,TA,SBrkr,IR1,Normal,2009,163500
TA,TA,SBrkr,Reg,Normal,2007,133900
TA,TA,SBrkr,IR1,Normal,2007,204750
TA,TA,SBrkr,IR2,Normal,2009,185000
TA,TA,SBrkr,IR1,Normal,2006,214000
TA,TA,FuseF,Reg,Normal,2007,94750
Fa,TA,SBrkr,Reg,Abnorml,2010,83000
,,SBrkr,IR1,Normal,2010,128950
TA,TA,SBrkr,IR1,Normal,2010,205000
TA,TA,SBrkr,Reg,Normal,2010,178000
TA,TA,SBrkr,Reg,Alloca,2009,118964
TA,TA,SBrkr,IR1,Normal,2010,198900
TA,TA,FuseF,Reg,Normal,2007,169500
TA,TA,SBrkr,Reg,Normal,2008,250000
Fa,Fa,SBrkr,Reg,Normal,2007,100000
TA,TA,SBrkr,Reg,Partial,2008,115000
,,FuseF,Reg,Normal,2007,115000
TA,TA,SBrkr,IR1,Normal,2010,190000
TA,TA,SBrkr,Reg,Normal,2006,136900
TA,TA,SBrkr,IR1,Normal,2010,180000
TA,TA,SBrkr,Reg,Partial,2007,383970
TA,TA,SBrkr,Reg,Abnorml,2007,217000
TA,TA,SBrkr,IR1,Normal,2007,259500
TA,TA,SBrkr,Reg,Normal,2007,176000
TA,TA,SBrkr,Reg,Normal,2009,139000
TA,TA,SBrkr,Reg,Partial,2007,155000
TA,TA,SBrkr,Reg,Normal,2010,320000
TA,TA,SBrkr,Reg,Partial,2006,163990
TA,TA,SBrkr,IR1,Normal,2006,180000
TA,TA,SBrkr,Reg,Normal,2007,100000
TA,TA,SBrkr,Reg,Normal,2008,136000
TA,TA,SBrkr,Reg,Normal,2008,153900
TA,TA,SBrkr,IR1,Normal,2009,181000
,,SBrkr,Reg,Normal,2006,84500
TA,TA,SBrkr,IR1,Normal,2007,128000
,,SBrkr,IR1,Normal,2007,87000
TA,TA,SBrkr,Reg,Normal,2006,155000
TA,TA,FuseA,Reg,Abnorml,2006,150000
TA,TA,SBrkr,Reg,Normal,2006,226000
TA,TA,SBrkr,IR1,Normal,2009,244000
TA,TA,SBrkr,Reg,Normal,2007,150750
TA,TA,SBrkr,IR1,Normal,2009,220000
TA,TA,SBrkr,IR1,Normal,2006,180000
TA,TA,SBrkr,Reg,Normal,2008,174000
TA,TA,SBrkr,IR1,Normal,2007,143000
TA,TA,SBrkr,Reg,Family,2006,171000
TA,TA,SBrkr,IR1,Normal,2008,230000
TA,TA,SBrkr,IR1,Normal,2009,231500
,,SBrkr,Reg,Normal,2010,115000
TA,TA,SBrkr,Reg,Normal,2006,260000
TA,TA,SBrkr,Reg,Normal,2010,166000
TA,TA,SBrkr,IR1,Normal,2009,204000
TA,TA,SBrkr,Reg,Abnorml,2006,125000
TA,TA,SBrkr,Reg,Normal,2006,130000
Fa,TA,FuseA,Reg,Normal,2009,105000
TA,TA,SBrkr,IR1,Normal,2010,222500
,,SBrkr,Reg,Normal,2008,141000
Fa,TA,FuseA,Reg,Normal,2006,115000
TA,TA,SBrkr,Reg,Normal,2007,122000
TA,TA,SBrkr,Reg,Partial,2008,372402
TA,TA,SBrkr,IR1,Normal,2006,190000
TA,TA,SBrkr,Reg,Normal,2008,235000
Fa,Fa,FuseA,Reg,Family,2006,125000
,,FuseF,Reg,Normal,2008,79000
TA,TA,FuseF,Reg,Normal,2006,109500
TA,TA,SBrkr,Reg,Partial,2010,269500
TA,TA,SBrkr,Reg,Normal,2010,254900
TA,TA,SBrkr,IR1,Partial,2006,320000
TA,TA,SBrkr,IR1,Normal,2008,162500
TA,TA,SBrkr,IR1,Normal,2008,412500
TA,TA,SBrkr,Reg,Partial,2010,220000
,,SBrkr,Reg,Normal,2007,103200
TA,TA,FuseA,Reg,Normal,2007,152000
,,SBrkr,Reg,Normal,2008,127500
TA,TA,FuseA,IR1,Normal,2009,190000
TA,TA,SBrkr,Reg,Partial,2007,325624
TA,TA,SBrkr,IR1,Normal,2007,183500
TA,TA,SBrkr,IR1,Normal,2006,228000
TA,TA,SBrkr,IR1,Normal,2007,128500
TA,TA,SBrkr,IR1,Normal,2010,215000
Gd,TA,SBrkr,IR1,Normal,2006,239000
TA,TA,SBrkr,IR1,Normal,2008,163000
TA,TA,SBrkr,IR1,Normal,2008,184000
TA,TA,SBrkr,Reg,Normal,2007,243000
TA,TA,SBrkr,IR1,Normal,2007,211000
TA,TA,SBrkr,Reg,Normal,2006,172500
TA,TA,SBrkr,IR1,Partial,2009,501837
Fa,TA,SBrkr,Reg,Normal,2007,100000
TA,TA,SBrkr,Reg,Normal,2007,177000
Fa,TA,SBrkr,Reg,Normal,2006,200100
TA,TA,SBrkr,Reg,Normal,2007,120000
TA,TA,SBrkr,Reg,Normal,2008,200000
TA,TA,SBrkr,IR1,Normal,2006,127000
Ex,TA,SBrkr,IR2,Normal,2006,475000
TA,TA,SBrkr,IR1,Normal,2009,173000
Fa,Fa,SBrkr,Reg,Normal,2009,135000
TA,TA,SBrkr,Reg,Alloca,2009,153337
TA,TA,SBrkr,Reg,Normal,2008,286000
TA,TA,SBrkr,Reg,Normal,2007,315000
TA,TA,SBrkr,IR1,Normal,2007,184000
TA,TA,SBrkr,IR1,Normal,2009,192000
TA,TA,SBrkr,Reg,Normal,2006,130000
TA,TA,SBrkr,IR1,Normal,2008,127000
TA,TA,SBrkr,Reg,Normal,2009,148500
TA,TA,SBrkr,Reg,Partial,2007,311872
TA,TA,SBrkr,Reg,Abnorml,2006,235000
,,SBrkr,Reg,Abnorml,2009,104000
TA,TA,SBrkr,Reg,Normal,2009,274900
TA,TA,SBrkr,Reg,Normal,2010,140000
TA,TA,SBrkr,Reg,Normal,2008,171500
TA,TA,SBrkr,Reg,Normal,2006,112000
TA,TA,SBrkr,Reg,Normal,2008,149000
TA,TA,SBrkr,Reg,Normal,2009,110000
TA,TA,SBrkr,Reg,Normal,2009,180500
TA,TA,SBrkr,IR1,Normal,2007,143900
TA,TA,SBrkr,IR1,Normal,2008,141000
TA,TA,SBrkr,IR1,Normal,2007,277000
TA,Gd,SBrkr,Reg,Normal,2008,145000
,,FuseA,Reg,Normal,2008,98000
TA,TA,SBrkr,Reg,Normal,2010,186000
TA,TA,SBrkr,Reg,Partial,2009,252678
TA,TA,SBrkr,IR2,Normal,2006,156000
TA,TA,SBrkr,IR1,Normal,2010,161750
TA,TA,SBrkr,IR1,Normal,2006,134450
TA,TA,SBrkr,Reg,Normal,2008,210000
TA,TA,SBrkr,Reg,Family,2006,107000
TA,TA,SBrkr,IR1,Normal,2008,311500
TA,TA,SBrkr,Reg,Partial,2006,167240
TA,TA,SBrkr,IR1,Partial,2006,204900
TA,TA,SBrkr,IR1,Normal,2009,200000
TA,TA,SBrkr,Reg,Normal,2006,179900
TA,TA,SBrkr,Reg,Abnorml,2009,97000
TA,TA,SBrkr,Reg,Normal,2009,386250
TA,TA,SBrkr,Reg,Abnorml,2009,112000
TA,TA,SBrkr,IR1,Abnorml,2007,290000
TA,TA,SBrkr,Reg,Normal,2008,106000
TA,TA,SBrkr,Reg,Normal,2010,125000
TA,TA,SBrkr,Reg,Normal,2009,192500
TA,TA,SBrkr,Reg,Normal,2010,148000
TA,TA,SBrkr,IR1,Normal,2009,403000
TA,TA,SBrkr,Reg,Normal,2006,94500
TA,TA,SBrkr,Reg,Normal,2010,128200
TA,TA,SBrkr,Reg,Normal,2010,216500
TA,TA,SBrkr,Reg,Normal,2008,89500
TA,TA,SBrkr,Reg,Normal,2010,185500
TA,TA,SBrkr,IR1,Normal,2010,194500
TA,TA,SBrkr,Reg,Partial,2007,318000
TA,TA,FuseA,Reg,Normal,2010,113000
TA,TA,SBrkr,Reg,Normal,2010,262500
,,SBrkr,Reg,Normal,2007,110500
Fa,TA,FuseA,Reg,Normal,2006,79000
TA,TA,SBrkr,Reg,Normal,2009,120000
TA,TA,SBrkr,IR1,Normal,2010,205000
TA,TA,SBrkr,Reg,Normal,2006,241500
Po,Po,FuseA,Reg,Normal,2006,137000
TA,TA,SBrkr,Reg,Normal,2006,140000
TA,TA,SBrkr,Reg,Normal,2007,180000
TA,TA,SBrkr,IR2,Normal,2007,277000
,,SBrkr,IR1,Normal,2010,76500
TA,TA,SBrkr,IR1,Family,2007,235000
TA,TA,SBrkr,IR1,Normal,2008,173000
TA,TA,SBrkr,Reg,Normal,2007,158000
TA,TA,SBrkr,Reg,Normal,2010,145000
TA,TA,SBrkr,IR1,Normal,2006,230000
TA,TA,SBrkr,IR1,Normal,2008,207500
TA,TA,SBrkr,Reg,Abnorml,2009,220000
TA,TA,SBrkr,Reg,Normal,2008,231500
TA,TA,FuseA,Reg,Normal,2008,97000
TA,TA,SBrkr,Reg,Normal,2009,176000
TA,TA,SBrkr,IR1,Partial,2007,276000
TA,TA,SBrkr,IR1,Normal,2006,151000
TA,TA,SBrkr,Reg,Normal,2010,130000
TA,TA,FuseA,IR3,Normal,2008,73000
TA,TA,SBrkr,IR1,Normal,2008,175500
TA,TA,SBrkr,IR1,Normal,2006,185000
TA,TA,SBrkr,Reg,Normal,2008,179500
Ex,Ex,SBrkr,Reg,Normal,2008,120500
TA,Gd,SBrkr,IR1,Normal,2007,148000
TA,TA,SBrkr,Reg,Partial,2006,266000
TA,TA,SBrkr,IR1,Normal,2008,241500
TA,TA,SBrkr,IR1,Normal,2010,290000
TA,TA,SBrkr,Reg,Normal,2009,139000
TA,TA,SBrkr,Reg,Normal,2007,124500
TA,TA,SBrkr,Reg,Normal,2009,205000
TA,TA,SBrkr,IR1,Normal,2010,201000
TA,TA,SBrkr,Reg,Normal,2010,141000
TA,TA,SBrkr,Reg,Partial,2007,415298
TA,TA,SBrkr,Reg,Normal,2008,192000
TA,TA,SBrkr,Reg,Normal,2007,228500
TA,TA,SBrkr,Reg,Partial,2006,185000
TA,TA,SBrkr,Reg,Normal,2009,207500
TA,TA,SBrkr,Reg,Partial,2009,244600
TA,TA,SBrkr,Reg,Normal,2007,179200
TA,TA,SBrkr,IR1,Partial,2007,164700
TA,TA,SBrkr,IR1,Normal,2006,159000
,,SBrkr,IR1,Normal,2006,88000
TA,TA,SBrkr,IR1,Normal,2010,122000
TA,TA,FuseA,Reg,Normal,2007,153575
Gd,TA,SBrkr,Reg,Partial,2006,233230
,,SBrkr,Reg,Normal,2008,135900
TA,TA,SBrkr,Reg,Normal,2009,131000
TA,TA,SBrkr,IR1,Normal,2006,235000
TA,TA,SBrkr,Reg,Normal,2009,167000
TA,TA,SBrkr,IR1,Normal,2006,142500
TA,TA,FuseA,Reg,Normal,2007,152000
TA,TA,SBrkr,IR1,Normal,2007,239000
TA,TA,SBrkr,Reg,Normal,2007,175000
TA,TA,SBrkr,Reg,Family,2009,158500
TA,TA,SBrkr,Reg,Normal,2006,157000
TA,TA,SBrkr,IR3,Normal,2007,267000
TA,TA,SBrkr,IR1,Normal,2006,205000
TA,TA,SBrkr,Reg,Abnorml,2006,149900
TA,TA,SBrkr,Reg,Normal,2008,295000
TA,TA,SBrkr,Reg,Normal,2007,305900
TA,TA,SBrkr,Reg,Normal,2007,225000
,,FuseA,IR1,Normal,2008,89500
TA,TA,SBrkr,IR1,Normal,2009,82500
TA,TA,SBrkr,IR1,Normal,2006,360000
TA,TA,SBrkr,IR1,Normal,2006,165600
TA,TA,SBrkr,Reg,Normal,2009,132000
TA,TA,SBrkr,Reg,Normal,2006,119900
TA,TA,SBrkr,IR3,Normal,2009,375000
Fa,TA,SBrkr,Reg,Normal,2006,178000
TA,TA,SBrkr,IR1,Normal,2009,188500
TA,TA,SBrkr,IR1,Normal,2009,260000
TA,TA,SBrkr,Reg,Normal,2007,270000
TA,TA,SBrkr,Reg,Normal,2009,260000
TA,TA,SBrkr,Reg,Normal,2009,187500
TA,TA,SBrkr,Reg,Partial,2006,342643
TA,TA,SBrkr,IR1,Normal,2007,354000
TA,TA,SBrkr,IR1,Normal,2007,301000
Fa,TA,SBrkr,Reg,Normal,2006,126175
TA,TA,SBrkr,Reg,Normal,2010,242000
TA,TA,FuseF,Reg,Normal,2007,87000
TA,TA,SBrkr,IR1,Normal,2008,324000
TA,TA,SBrkr,Reg,Normal,2006,145250
TA,TA,FuseA,IR1,Normal,2009,214500
Fa,Fa,SBrkr,Reg,Normal,2009,78000
TA,TA,SBrkr,IR1,Normal,2007,119000
TA,TA,SBrkr,Reg,Normal,2007,139000
TA,TA,SBrkr,IR1,Normal,2009,284000
TA,TA,SBrkr,Reg,Normal,2008,207000
TA,TA,SBrkr,IR1,Normal,2008,192000
TA,TA,SBrkr,IR1,Normal,2008,228950
TA,TA,SBrkr,IR1,Normal,2007,377426
TA,TA,SBrkr,Reg,Normal,2008,214000
TA,TA,SBrkr,Reg,Normal,2006,202500
TA,TA,FuseA,IR1,Normal,2009,155000
TA,TA,SBrkr,Reg,Normal,2010,202900
TA,TA,SBrkr,Reg,Normal,2009,82000
TA,TA,FuseA,Reg,Normal,2006,87500
TA,TA,SBrkr,IR1,Normal,2008,266000
TA,TA,SBrkr,Reg,Normal,2010,85000
TA,TA,SBrkr,Reg,Normal,2006,140200
TA,TA,SBrkr,IR1,Normal,2007,151500
TA,TA,FuseA,IR1,Normal,2009,157500
TA,TA,SBrkr,Reg,Normal,2008,154000
TA,TA,SBrkr,IR2,Partial,2006,437154
TA,TA,SBrkr,IR1,Partial,2007,318061
TA,TA,SBrkr,IR1,Abnorml,2006,190000
TA,Fa,SBrkr,Reg,Normal,2008,95000
TA,TA,SBrkr,Reg,Normal,2010,105900
TA,TA,SBrkr,Reg,Normal,2006,140000
TA,TA,SBrkr,IR2,Normal,2007,177500
TA,TA,SBrkr,IR1,Normal,2009,173000
TA,TA,SBrkr,Reg,Normal,2007,134000
TA,TA,FuseF,IR1,Abnorml,2006,130000
TA,TA,SBrkr,IR1,Normal,2006,280000
TA,TA,SBrkr,IR1,Normal,2007,156000
TA,TA,SBrkr,Reg,Normal,2008,145000
TA,TA,SBrkr,Reg,Normal,2009,198500
TA,TA,SBrkr,Reg,Normal,2009,118000
TA,TA,SBrkr,IR1,Normal,2006,190000
TA,Fa,FuseA,Reg,Normal,2009,147000
TA,TA,SBrkr,IR1,Normal,2009,159000
TA,TA,SBrkr,IR1,Normal,2008,165000
TA,TA,SBrkr,Reg,Normal,2010,132000
TA,TA,SBrkr,IR1,Normal,2010,162000
TA,TA,SBrkr,IR1,Normal,2006,172400
TA,TA,SBrkr,Reg,Normal,2008,134432
TA,TA,SBrkr,Reg,Normal,2010,125000
TA,TA,SBrkr,Reg,Normal,2009,123000
TA,TA,SBrkr,Reg,Normal,2007,219500
,,FuseA,IR1,Normal,2009,61000
TA,TA,SBrkr,IR1,Normal,2006,148000
TA,TA,SBrkr,IR1,Normal,2007,340000
TA,TA,SBrkr,Reg,Partial,2010,394432
TA,TA,SBrkr,IR1,Normal,2009,179000
TA,TA,SBrkr,Reg,Normal,2010,127000
TA,TA,SBrkr,Reg,Partial,2006,187750
TA,TA,SBrkr,IR1,Normal,2007,213500
Fa,Fa,FuseA,Reg,Normal,2009,76000
TA,TA,SBrkr,IR2,Normal,2007,240000
TA,TA,SBrkr,Reg,Normal,2010,192000
,,SBrkr,Reg,AdjLand,2006,81000
TA,TA,SBrkr,Reg,Abnorml,2009,125000
TA,TA,SBrkr,IR1,Normal,2008,191000
TA,TA,SBrkr,Reg,Partial,2008,426000
TA,TA,SBrkr,Reg,Normal,2008,119000
TA,TA,SBrkr,IR1,Normal,2009,215000
TA,TA,SBrkr,IR1,Normal,2007,106500
,,FuseA,Reg,Abnorml,2006,100000
TA,TA,FuseA,Reg,Normal,2007,109000
TA,TA,SBrkr,Reg,Normal,2010,129000
TA,TA,SBrkr,Reg,Normal,2009,123000
TA,TA,SBrkr,Reg,Normal,2007,169500
Po,Po,FuseA,Reg,Abnorml,2007,67000
TA,TA,SBrkr,Reg,Normal,2009,241000
TA,TA,SBrkr,IR2,Normal,2008,245500
TA,TA,SBrkr,IR1,Partial,2006,164990
TA,TA,SBrkr,Reg,Normal,2008,108000
TA,TA,SBrkr,Reg,Abnorml,2006,258000
TA,TA,SBrkr,IR1,Normal,2007,168000
TA,TA,SBrkr,IR1,Normal,2009,150000
TA,TA,FuseA,Reg,Normal,2008,115000
TA,TA,SBrkr,Reg,Normal,2008,177000
TA,TA,SBrkr,Reg,Partial,2007,280000
TA,TA,SBrkr,Reg,Partial,2008,339750
TA,TA,FuseA,Reg,Abnorml,2009,60000
TA,TA,SBrkr,Reg,Normal,2006,145000
TA,TA,SBrkr,IR2,Partial,2010,222000
TA,TA,FuseA,Reg,Normal,2010,115000
TA,TA,SBrkr,IR2,Normal,2008,228000
TA,TA,SBrkr,IR1,Partial,2007,181134
TA,TA,SBrkr,Reg,Normal,2006,149500
TA,TA,FuseA,IR1,Normal,2007,239000
TA,TA,FuseF,Reg,AdjLand,2007,126000
TA,TA,SBrkr,Reg,Normal,2010,142000
TA,TA,SBrkr,Reg,Alloca,2008,206300
TA,TA,SBrkr,IR1,Normal,2009,215000
TA,TA,FuseA,Reg,Normal,2008,113000
TA,TA,SBrkr,Reg,Normal,2008,315000
TA,TA,FuseA,Reg,Normal,2008,139000
TA,TA,SBrkr,Reg,Normal,2009,135000
TA,TA,SBrkr,Reg,Normal,2009,275000
TA,TA,SBrkr,IR1,Normal,2008,109008
TA,TA,SBrkr,Reg,Partial,2007,195400
TA,TA,SBrkr,IR1,Normal,2009,175000
TA,TA,SBrkr,Reg,Abnorml,2008,85400
,,SBrkr,IR1,Abnorml,2008,79900
TA,TA,SBrkr,Reg,Normal,2007,122500
TA,TA,SBrkr,IR1,Normal,2008,181000
,,SBrkr,Reg,Normal,2008,81000
TA,TA,SBrkr,IR2,Normal,2009,212000
TA,TA,FuseA,Reg,Normal,2006,116000
TA,TA,SBrkr,Reg,Normal,2009,119000
Gd,TA,SBrkr,Reg,Normal,2007,90350
TA,TA,SBrkr,Reg,Normal,2009,110000
TA,TA,SBrkr,Reg,Normal,2009,555000
,,FuseF,Reg,Normal,2008,118000
TA,TA,SBrkr,Reg,Normal,2008,162900
TA,TA,SBrkr,Reg,Partial,2007,172500
TA,TA,SBrkr,Reg,Normal,2008,210000
TA,TA,SBrkr,Reg,Normal,2009,127500
TA,TA,SBrkr,IR1,Normal,2010,190000
TA,TA,SBrkr,IR1,Normal,2006,199900
TA,TA,SBrkr,Reg,Normal,2006,119500
TA,TA,SBrkr,Reg,Normal,2007,120000
Fa,Fa,FuseA,Reg,Normal,2006,110000
TA,TA,SBrkr,IR1,Normal,2006,280000
TA,TA,SBrkr,IR1,Normal,2007,204000
TA,TA,SBrkr,Reg,Normal,2009,210000
TA,TA,SBrkr,Reg,Family,2006,188000
TA,TA,SBrkr,Reg,Normal,2007,175500
Fa,Fa,SBrkr,Reg,Abnorml,2008,98000
TA,TA,SBrkr,IR1,Normal,2008,256000
TA,TA,SBrkr,Reg,Normal,2008,161000
TA,TA,SBrkr,IR1,Normal,2009,110000
TA,TA,SBrkr,IR1,Partial,2009,263435
TA,TA,SBrkr,Reg,Normal,2009,155000
TA,TA,SBrkr,IR1,Normal,2009,62383
TA,TA,FuseA,IR1,Normal,2008,188700
,,SBrkr,Reg,Normal,2009,124000
TA,TA,SBrkr,Reg,Normal,2006,178740
TA,TA,SBrkr,Reg,Normal,2007,167000
TA,TA,SBrkr,Reg,Normal,2007,146500
TA,TA,SBrkr,IR1,Normal,2007,250000
TA,TA,SBrkr,IR1,Normal,2008,187000
TA,TA,SBrkr,IR1,Normal,2010,212000
TA,TA,SBrkr,Reg,Normal,2007,190000
TA,TA,SBrkr,Reg,Normal,2008,148000
TA,TA,SBrkr,IR1,Partial,2007,440000
TA,TA,SBrkr,Reg,Normal,2007,251000
TA,TA,SBrkr,Reg,Normal,2007,132500
TA,TA,SBrkr,Reg,Normal,2008,208900
TA,TA,SBrkr,Reg,Normal,2007,380000
TA,TA,SBrkr,Reg,Normal,2009,297000
TA,TA,SBrkr,Reg,Alloca,2007,89471
TA,TA,SBrkr,IR1,Normal,2006,326000
TA,TA,SBrkr,IR1,Normal,2006,374000
Fa,Fa,SBrkr,Reg,Normal,2009,155000
TA,TA,SBrkr,Reg,Normal,2006,164000
TA,TA,SBrkr,IR1,Normal,2007,132500
TA,TA,SBrkr,Reg,Normal,2009,147000
TA,TA,SBrkr,Reg,Normal,2007,156000
TA,TA,SBrkr,IR1,Normal,2007,175000
TA,Fa,FuseA,Reg,Normal,2006,160000
TA,TA,SBrkr,Reg,Normal,2009,86000
TA,TA,SBrkr,Reg,Normal,2008,115000
TA,TA,FuseA,Reg,Normal,2006,133000
TA,TA,SBrkr,IR1,Partial,2006,172785
TA,TA,FuseA,Reg,Normal,2008,155000
TA,TA,FuseA,Reg,Normal,2009,91300
,,FuseA,Reg,Abnorml,2009,34900
TA,TA,SBrkr,IR1,Normal,2007,430000
TA,TA,SBrkr,Reg,Normal,2008,184000
TA,TA,SBrkr,Reg,Normal,2009,130000
TA,TA,SBrkr,IR1,Normal,2007,120000
TA,TA,SBrkr,Reg,Normal,2007,113000
TA,TA,SBrkr,Reg,Normal,2008,226700
Fa,Fa,SBrkr,Reg,Normal,2007,140000
TA,TA,SBrkr,IR1,Normal,2010,289000
TA,TA,SBrkr,Reg,Normal,2009,147000
TA,TA,SBrkr,Reg,Normal,2009,124500
TA,TA,SBrkr,IR1,Normal,2006,215000
TA,TA,SBrkr,IR1,Partial,2009,208300
TA,TA,SBrkr,Reg,Normal,2008,161000
TA,TA,SBrkr,Reg,Normal,2009,124500
TA,TA,SBrkr,Reg,Normal,2009,164900
TA,TA,SBrkr,IR1,Partial,2006,202665
TA,TA,SBrkr,Reg,Normal,2006,129900
TA,TA,SBrkr,Reg,Normal,2007,134000
Po,Po,SBrkr,Reg,Normal,2007,96500
TA,TA,SBrkr,Reg,Partial,2009,402861
TA,TA,SBrkr,IR1,Abnorml,2009,158000
TA,TA,SBrkr,IR1,Normal,2009,265000
TA,TA,SBrkr,IR1,Normal,2007,211000
TA,TA,SBrkr,Reg,Normal,2009,234000
,,FuseA,Reg,Normal,2008,106250
TA,TA,FuseA,IR1,Normal,2007,150000
TA,TA,SBrkr,Reg,Normal,2006,159000
TA,TA,SBrkr,IR1,Partial,2007,184750
TA,TA,SBrkr,IR1,Normal,2007,315750
TA,TA,SBrkr,Reg,Normal,2006,176000
TA,TA,SBrkr,Reg,Normal,2007,132000
TA,TA,SBrkr,IR1,Partial,2008,446261
,,SBrkr,IR1,Normal,2007,86000
TA,TA,SBrkr,IR1,Alloca,2007,200624
TA,TA,SBrkr,Reg,Abnorml,2008,175000
TA,Fa,SBrkr,IR1,Normal,2008,128000
TA,TA,SBrkr,Reg,Normal,2010,107500
,,FuseF,Reg,Normal,2007,39300
TA,TA,SBrkr,IR1,Normal,2006,178000
,,SBrkr,Reg,Normal,2008,107500
TA,TA,SBrkr,IR1,Normal,2008,188000
TA,TA,SBrkr,IR1,Normal,2008,111250
TA,TA,SBrkr,IR1,Normal,2006,158000
TA,TA,SBrkr,Reg,Normal,2010,272000
TA,TA,SBrkr,Reg,Normal,2009,315000
TA,TA,SBrkr,Reg,Normal,2007,248000
TA,TA,SBrkr,Reg,Normal,2009,213250
TA,TA,SBrkr,Reg,Normal,2007,133000
TA,TA,SBrkr,IR1,Partial,2006,179665
TA,TA,SBrkr,IR1,Normal,2006,229000
TA,TA,FuseA,IR1,Normal,2007,210000
TA,TA,SBrkr,Reg,Normal,2007,129500
TA,TA,SBrkr,IR1,Normal,2008,125000
TA,TA,SBrkr,Reg,Normal,2009,263000
TA,TA,SBrkr,Reg,Abnorml,2008,140000
TA,TA,FuseA,Reg,Normal,2008,112500
TA,TA,SBrkr,IR1,Normal,2009,255500
TA,TA,SBrkr,Reg,Normal,2009,108000
TA,TA,SBrkr,Reg,Normal,2008,284000
TA,TA,FuseA,Reg,Normal,2006,113000
TA,TA,FuseA,IR1,Normal,2006,141000
TA,TA,SBrkr,Reg,Normal,2006,108000
TA,TA,SBrkr,IR2,Normal,2008,175000
TA,TA,SBrkr,Reg,Normal,2006,234000
TA,TA,SBrkr,IR1,Normal,2010,121500
TA,TA,SBrkr,Reg,Normal,2006,170000
,,SBrkr,Reg,Normal,2008,108000
TA,TA,SBrkr,Reg,Normal,2008,185000
TA,TA,SBrkr,IR1,Normal,2006,268000
TA,TA,FuseF,Reg,Normal,2010,128000
TA,TA,SBrkr,IR1,Normal,2008,325000
TA,TA,SBrkr,IR1,Normal,2010,214000
Gd,TA,SBrkr,IR1,Normal,2009,316600
TA,TA,SBrkr,IR1,Normal,2006,135960
TA,TA,SBrkr,IR1,Normal,2008,142600
TA,TA,SBrkr,Reg,Abnorml,2006,120000
TA,TA,SBrkr,IR1,Partial,2009,224500
TA,TA,SBrkr,IR1,Normal,2007,170000
TA,TA,SBrkr,Reg,Normal,2007,139000
TA,TA,SBrkr,Reg,Abnorml,2008,118500
TA,TA,SBrkr,Reg,Normal,2009,145000
TA,TA,SBrkr,IR1,Abnorml,2006,164500
TA,TA,SBrkr,Reg,Abnorml,2008,146000
Fa,TA,FuseF,Reg,Normal,2008,131500
TA,TA,SBrkr,IR1,Normal,2007,181900
TA,TA,SBrkr,Reg,Partial,2009,253293
,,SBrkr,Reg,Normal,2007,118500
Gd,TA,SBrkr,Reg,Normal,2008,325000
TA,TA,SBrkr,Reg,Normal,2009,133000
TA,TA,SBrkr,Reg,Partial,2006,369900
TA,TA,SBrkr,Reg,Normal,2008,130000
TA,TA,SBrkr,IR1,Normal,2009,137000
TA,TA,SBrkr,IR1,Partial,2009,143000
TA,TA,FuseA,Reg,Normal,2008,79500
TA,TA,SBrkr,Reg,Normal,2008,185900
TA,TA,SBrkr,IR1,Normal,2009,451950
TA,TA,SBrkr,Reg,Normal,2008,138000
TA,TA,SBrkr,Reg,Normal,2009,140000
TA,TA,SBrkr,IR1,Normal,2008,110000
TA,TA,SBrkr,IR1,Partial,2006,319000
TA,Fa,FuseA,Reg,Normal,2006,114504
TA,TA,SBrkr,Reg,Partial,2007,194201
TA,TA,SBrkr,Reg,Normal,2006,217500
TA,TA,SBrkr,Reg,Normal,2008,151000
TA,TA,SBrkr,Reg,Normal,2006,275000
TA,TA,SBrkr,Reg,Normal,2007,141000
TA,TA,SBrkr,IR1,Abnorml,2006,220000
TA,TA,SBrkr,Reg,Normal,2010,151000
TA,TA,SBrkr,IR1,Normal,2008,221000
TA,TA,SBrkr,Reg,Normal,2009,205000
TA,TA,SBrkr,IR2,Normal,2009,152000
TA,TA,SBrkr,Reg,Normal,2006,225000
TA,TA,SBrkr,Reg,Alloca,2007,359100
TA,TA,SBrkr,Reg,Normal,2007,118500
TA,TA,SBrkr,Reg,Normal,2009,313000
TA,TA,SBrkr,IR1,Normal,2007,148000
TA,TA,SBrkr,Reg,Normal,2009,261500
,,SBrkr,Reg,Partial,2007,147000
,,SBrkr,Reg,Normal,2010,75500
TA,TA,SBrkr,Reg,Abnorml,2010,137500
TA,TA,SBrkr,IR1,Normal,2006,183200
TA,TA,SBrkr,Reg,Normal,2008,105500
TA,TA,SBrkr,Reg,Partial,2007,314813
TA,TA,SBrkr,Reg,Normal,2008,305000
,,FuseF,Reg,Normal,2008,67000
TA,TA,SBrkr,Reg,Normal,2008,240000
TA,TA,SBrkr,Reg,Normal,2009,135000
TA,TA,SBrkr,Reg,Normal,2007,168500
TA,TA,SBrkr,Reg,Normal,2006,165150
TA,TA,SBrkr,IR1,Normal,2010,160000
TA,TA,SBrkr,IR1,Normal,2007,139900
TA,TA,SBrkr,Reg,Normal,2010,153000
TA,TA,SBrkr,IR1,Family,2007,135000
TA,TA,SBrkr,Reg,Normal,2008,168500
Fa,Po,FuseA,Reg,Abnorml,2006,124000
TA,TA,SBrkr,Reg,Normal,2007,209500
TA,TA,SBrkr,Reg,Family,2009,82500
TA,TA,SBrkr,Reg,Normal,2007,139400
TA,TA,SBrkr,Reg,Normal,2010,144000
,,FuseA,Reg,Abnorml,2007,200000
,,FuseA,Reg,Normal,2009,60000
TA,TA,FuseA,Reg,Normal,2009,93000
,,FuseA,Reg,Normal,2008,85000
TA,TA,SBrkr,Reg,Partial,2006,264561
TA,TA,SBrkr,IR1,Normal,2008,274000
TA,TA,SBrkr,Reg,Normal,2007,226000
TA,TA,SBrkr,Reg,Normal,2009,345000
TA,TA,SBrkr,Reg,Normal,2007,152000
TA,TA,SBrkr,Reg,Partial,2009,370878
TA,TA,SBrkr,IR1,Normal,2007,143250
TA,TA,SBrkr,Reg,Normal,2008,98300
TA,TA,SBrkr,IR1,Normal,2008,155000
TA,TA,SBrkr,Reg,Normal,2010,155000
,,SBrkr,Reg,Normal,2007,84500
TA,TA,SBrkr,Reg,Normal,2008,205950
Fa,Po,SBrkr,Reg,Normal,2009,108000
TA,TA,SBrkr,Reg,Normal,2009,191000
TA,TA,SBrkr,Reg,Normal,2008,135000
TA,TA,SBrkr,IR1,Normal,2008,350000
TA,TA,SBrkr,Reg,Family,2010,88000
TA,TA,SBrkr,IR1,Normal,2008,145500
TA,TA,SBrkr,Reg,Normal,2008,149000
TA,TA,SBrkr,Reg,Abnorml,2010,97500
TA,TA,SBrkr,Reg,Normal,2009,167000
TA,TA,SBrkr,Reg,Normal,2007,197900
TA,TA,SBrkr,IR2,Normal,2009,402000
TA,TA,SBrkr,Reg,Normal,2009,110000
TA,TA,SBrkr,Reg,Normal,2008,137500
TA,TA,SBrkr,IR2,Partial,2006,423000
TA,TA,SBrkr,IR1,Normal,2006,230500
TA,TA,SBrkr,IR1,Abnorml,2007,129000
TA,TA,SBrkr,Reg,Normal,2008,193500
TA,TA,SBrkr,Reg,Normal,2006,168000
TA,Fa,SBrkr,Reg,Normal,2006,137500
TA,TA,SBrkr,Reg,Normal,2009,173500
TA,TA,SBrkr,Reg,Normal,2009,103600
TA,TA,SBrkr,IR1,Normal,2006,165000
TA,TA,SBrkr,Reg,Normal,2007,257500
TA,TA,SBrkr,Reg,Normal,2008,140000
TA,TA,SBrkr,Reg,Normal,2009,148500
Fa,Fa,SBrkr,Reg,Normal,2006,87000
Fa,Fa,SBrkr,Reg,Normal,2009,109500
TA,TA,SBrkr,IR1,Partial,2009,372500
TA,TA,SBrkr,IR1,Normal,2007,128500
TA,TA,SBrkr,Reg,Normal,2010,143000
TA,TA,SBrkr,IR2,Abnorml,2009,159434
TA,TA,SBrkr,Reg,Normal,2008,173000
TA,TA,SBrkr,IR1,Normal,2007,285000
TA,TA,SBrkr,IR2,Normal,2010,221000
TA,TA,SBrkr,IR1,Normal,2007,207500
TA,TA,SBrkr,Reg,Partial,2007,227875
TA,TA,SBrkr,IR2,Normal,2007,148800
TA,TA,SBrkr,Reg,Partial,2007,392000
TA,TA,SBrkr,IR1,Normal,2007,194700
TA,TA,SBrkr,Reg,Normal,2008,141000
TA,TA,SBrkr,IR1,Normal,2007,755000
TA,TA,SBrkr,IR1,Normal,2006,335000
TA,TA,SBrkr,Reg,Abnorml,2006,108480
TA,TA,SBrkr,Reg,Normal,2009,141500
TA,TA,SBrkr,IR1,Normal,2006,176000
TA,TA,SBrkr,Reg,Normal,2006,89000
TA,TA,FuseA,IR1,Normal,2006,123500
TA,TA,SBrkr,Reg,Normal,2010,138500
TA,TA,SBrkr,IR2,Normal,2008,196000
TA,TA,SBrkr,Reg,Normal,2006,312500
TA,TA,SBrkr,Reg,Normal,2006,140000
TA,TA,SBrkr,IR1,Partial,2006,361919
TA,TA,SBrkr,Reg,Normal,2010,140000
TA,TA,SBrkr,Reg,Normal,2010,213000
,,SBrkr,Reg,Normal,2010,55000
TA,TA,SBrkr,IR2,Normal,2007,302000
TA,TA,SBrkr,Reg,Normal,2009,254000
TA,TA,SBrkr,IR1,Partial,2007,179540
TA,TA,SBrkr,IR1,Abnorml,2008,109900
,,SBrkr,IR1,Normal,2008,52000
TA,TA,SBrkr,Reg,Abnorml,2010,102776
TA,TA,SBrkr,IR1,Normal,2008,189000
TA,TA,SBrkr,Reg,Normal,2006,129000
TA,TA,SBrkr,IR1,Normal,2010,130500
TA,TA,SBrkr,Reg,Normal,2009,165000
TA,TA,SBrkr,Reg,Normal,2007,159500
TA,TA,SBrkr,Reg,Normal,2008,157000
TA,TA,SBrkr,Reg,Normal,2008,341000
TA,TA,SBrkr,IR1,Normal,2006,128500
TA,TA,SBrkr,IR1,Normal,2006,275000
TA,TA,SBrkr,Reg,Normal,2010,143000
TA,TA,SBrkr,Reg,Normal,2009,124500
TA,TA,SBrkr,Reg,Normal,2008,135000
TA,TA,SBrkr,IR1,Normal,2009,320000
TA,TA,SBrkr,Reg,Normal,2009,120500
TA,TA,SBrkr,IR1,Normal,2009,222000
TA,TA,SBrkr,Reg,Normal,2009,194500
TA,TA,SBrkr,Reg,Abnorml,2009,110000
TA,TA,FuseA,Reg,Normal,2009,103000
TA,TA,SBrkr,IR1,Normal,2010,236500
TA,TA,SBrkr,IR1,Normal,2007,187500
TA,TA,SBrkr,IR1,Normal,2008,222500
TA,TA,SBrkr,Reg,Normal,2009,131400
TA,TA,SBrkr,IR1,Family,2007,108000
TA,TA,SBrkr,Reg,Normal,2006,163000
TA,TA,FuseF,Reg,Normal,2006,93500
TA,TA,SBrkr,IR1,Normal,2006,239900
,,SBrkr,Reg,Alloca,2009,179000
TA,TA,SBrkr,IR1,Normal,2009,190000
TA,Gd,SBrkr,Reg,Abnorml,2007,132000
TA,TA,SBrkr,IR1,Normal,2008,142000
TA,TA,SBrkr,Reg,Normal,2007,179000
TA,TA,SBrkr,IR1,Normal,2009,175000
TA,TA,SBrkr,IR1,Normal,2008,180000
TA,TA,SBrkr,IR1,Normal,2008,299800
TA,TA,SBrkr,IR1,Normal,2009,236000
TA,TA,SBrkr,IR1,Normal,2009,265979
TA,TA,SBrkr,IR1,Normal,2010,260400
TA,TA,FuseF,Reg,Normal,2009,98000
,,SBrkr,Reg,Normal,2010,96500
TA,TA,SBrkr,Reg,Normal,2007,162000
TA,TA,SBrkr,IR1,Normal,2006,217000
TA,TA,SBrkr,Reg,Normal,2006,275500
TA,TA,SBrkr,Reg,Normal,2009,156000
TA,TA,SBrkr,Reg,Normal,2009,172500
TA,TA,SBrkr,IR1,Normal,2009,212000
TA,TA,SBrkr,IR1,Abnorml,2010,158900
TA,TA,SBrkr,Reg,Normal,2008,179400
TA,TA,SBrkr,IR1,Normal,2007,290000
Ex,Ex,SBrkr,Reg,Normal,2009,127500
TA,TA,SBrkr,Reg,Normal,2009,100000
TA,TA,SBrkr,Reg,Normal,2010,215200
TA,TA,SBrkr,Reg,Normal,2009,337000
TA,TA,SBrkr,IR1,Normal,2006,270000
TA,TA,SBrkr,IR1,Partial,2008,264132
TA,TA,SBrkr,Reg,Normal,2010,196500
TA,TA,SBrkr,IR1,Normal,2008,160000
TA,TA,SBrkr,Reg,Normal,2006,216837
TA,TA,SBrkr,IR2,Normal,2010,538000
TA,TA,SBrkr,IR1,Normal,2009,134900
TA,TA,FuseF,Reg,Normal,2006,102000
TA,TA,SBrkr,Reg,Abnorml,2010,107000
TA,TA,FuseA,Reg,Normal,2007,114500
TA,TA,SBrkr,Reg,Partial,2007,395000
TA,TA,SBrkr,Reg,Normal,2009,162000
TA,TA,SBrkr,IR1,Partial,2006,221500
TA,TA,SBrkr,IR1,Normal,2006,142500
TA,TA,SBrkr,Reg,Normal,2007,144000
TA,TA,SBrkr,Reg,Normal,2006,135000
TA,TA,SBrkr,Reg,Normal,2007,176000
TA,TA,SBrkr,Reg,Normal,2006,175900
TA,TA,SBrkr,IR2,Normal,2009,187100
TA,TA,SBrkr,IR1,Normal,2009,165500
,,SBrkr,Reg,Normal,2008,128000
TA,TA,SBrkr,Reg,Normal,2009,161500
TA,TA,SBrkr,Reg,Normal,2010,139000
TA,TA,SBrkr,IR1,Normal,2010,233000
Fa,TA,SBrkr,Reg,Normal,2008,107900
TA,TA,SBrkr,IR1,Normal,2007,187500
TA,TA,SBrkr,Reg,Normal,2009,160200
TA,TA,SBrkr,IR1,Normal,2007,146800
TA,TA,SBrkr,IR1,Normal,2007,269790
TA,TA,SBrkr,Reg,Partial,2007,225000
TA,TA,SBrkr,IR1,Normal,2008,194500
TA,TA,SBrkr,Reg,Normal,2010,171000
TA,TA,SBrkr,Reg,Normal,2007,143500
TA,TA,SBrkr,Reg,Abnorml,2008,110000
TA,TA,SBrkr,Reg,Partial,2009,485000
TA,TA,SBrkr,Reg,Normal,2007,175000
TA,TA,SBrkr,IR1,Normal,2008,200000
TA,TA,FuseA,Reg,Normal,2007,109900
TA,TA,SBrkr,Reg,Normal,2008,189000
TA,TA,SBrkr,Reg,Partial,2009,582933
TA,TA,SBrkr,Reg,Family,2006,118000
TA,TA,SBrkr,IR1,Partial,2008,227680
TA,TA,SBrkr,Reg,Normal,2006,135500
TA,TA,SBrkr,Reg,Normal,2009,223500
TA,TA,SBrkr,Reg,Normal,2006,159950
Fa,Po,FuseA,Reg,Normal,2009,106000
TA,TA,SBrkr,Reg,Normal,2006,181000
TA,TA,SBrkr,Reg,Normal,2008,144500
TA,TA,FuseA,Reg,Alloca,2010,55993
TA,TA,SBrkr,Reg,Normal,2007,157900
TA,TA,SBrkr,Reg,Normal,2006,116000
TA,TA,SBrkr,IR2,Normal,2010,224900
TA,TA,SBrkr,IR1,Normal,2006,137000
TA,TA,SBrkr,IR1,Normal,2008,271000
TA,TA,SBrkr,Reg,Normal,2010,155000
TA,TA,SBrkr,IR1,Partial,2010,224000
TA,TA,SBrkr,IR1,Normal,2008,183000
TA,TA,SBrkr,Reg,Normal,2009,93000
TA,TA,SBrkr,IR1,Family,2007,225000
TA,TA,SBrkr,Reg,Normal,2009,139500
TA,TA,SBrkr,Reg,Partial,2006,232600
TA,TA,SBrkr,Reg,Partial,2008,385000
,,SBrkr,Reg,Normal,2008,109500
TA,TA,SBrkr,IR1,Normal,2009,189000
TA,TA,SBrkr,IR2,Abnorml,2009,185000
TA,TA,SBrkr,Reg,Normal,2006,147400
TA,TA,FuseA,IR1,Normal,2008,166000
TA,TA,SBrkr,Reg,Normal,2006,151000
TA,TA,SBrkr,IR1,Normal,2010,237000
TA,TA,SBrkr,Reg,Normal,2009,167000
TA,TA,SBrkr,Reg,Normal,2008,139950
TA,TA,SBrkr,Reg,Normal,2010,128000
TA,TA,SBrkr,Reg,Normal,2007,153500
TA,TA,SBrkr,Reg,Normal,2008,100000
TA,TA,SBrkr,Reg,Normal,2008,144000
TA,TA,SBrkr,Reg,Normal,2008,130500
TA,TA,SBrkr,IR1,Normal,2008,140000
Gd,TA,SBrkr,Reg,Normal,2008,157500
Gd,Gd,SBrkr,Reg,Normal,2008,174900
,,SBrkr,Reg,Normal,2007,141000
TA,TA,SBrkr,IR1,Normal,2008,153900
TA,TA,SBrkr,IR1,Normal,2007,171000
TA,TA,SBrkr,Reg,Normal,2009,213000
TA,TA,SBrkr,IR1,Normal,2009,133500
Fa,TA,SBrkr,IR2,Normal,2008,240000
TA,TA,SBrkr,Reg,Normal,2007,187000
TA,TA,SBrkr,Reg,Normal,2007,131500
TA,TA,SBrkr,Reg,Normal,2006,215000
TA,TA,SBrkr,Reg,Normal,2007,164000
TA,TA,SBrkr,IR1,Normal,2009,158000
TA,TA,SBrkr,Reg,Abnorml,2006,170000
TA,TA,SBrkr,IR1,Normal,2010,127000
TA,Fa,SBrkr,IR1,Normal,2008,147000
TA,TA,SBrkr,Reg,Normal,2009,174000
TA,TA,SBrkr,Reg,Family,2009,152000
TA,TA,SBrkr,IR1,Normal,2006,250000
TA,TA,SBrkr,Reg,Normal,2007,189950
TA,TA,SBrkr,Reg,Normal,2010,131500
TA,TA,SBrkr,Reg,Normal,2010,152000
TA,TA,SBrkr,Reg,Normal,2009,132500
TA,TA,SBrkr,Reg,Partial,2008,250580
TA,TA,SBrkr,IR1,Normal,2009,148500
TA,TA,SBrkr,IR1,Partial,2007,248900
TA,TA,SBrkr,Reg,Normal,2007,129000
TA,TA,SBrkr,IR2,Normal,2006,169000
TA,TA,SBrkr,Reg,Normal,2010,236000
TA,TA,SBrkr,Reg,Normal,2009,109500
TA,TA,SBrkr,Reg,Normal,2010,200500
TA,TA,SBrkr,Reg,Normal,2008,116000
TA,TA,SBrkr,Reg,Normal,2009,133000
TA,TA,SBrkr,Reg,Abnorml,2009,66500
TA,TA,SBrkr,Reg,Partial,2007,303477
TA,TA,SBrkr,Reg,Normal,2007,132250
TA,TA,SBrkr,Reg,Normal,2009,350000
TA,TA,SBrkr,IR1,Normal,2010,148000
TA,TA,SBrkr,IR1,Normal,2009,136500
TA,TA,SBrkr,Reg,Normal,2007,157000
TA,TA,SBrkr,IR1,Normal,2007,187500
TA,TA,SBrkr,IR1,Normal,2009,178000
TA,Gd,SBrkr,Reg,Normal,2006,118500
TA,TA,SBrkr,Reg,Normal,2009,100000
TA,TA,SBrkr,IR1,Abnorml,2008,328900
TA,TA,SBrkr,Reg,Family,2006,145000
TA,TA,SBrkr,IR1,Normal,2008,135500
TA,TA,SBrkr,IR1,Normal,2007,268000
TA,TA,SBrkr,Reg,Normal,2009,149500
TA,TA,SBrkr,Reg,Normal,2007,122900
TA,TA,SBrkr,Reg,Normal,2009,172500
TA,TA,SBrkr,Reg,Normal,2006,154500
TA,TA,SBrkr,Reg,Normal,2008,165000
TA,TA,SBrkr,Reg,Alloca,2009,118858
TA,TA,SBrkr,Reg,Normal,2008,140000
TA,TA,SBrkr,Reg,Abnorml,2006,106500
TA,TA,SBrkr,Reg,Alloca,2009,142953
TA,TA,SBrkr,IR1,Partial,2010,611657
TA,TA,SBrkr,Reg,Normal,2006,135000
TA,TA,SBrkr,IR1,Normal,2007,110000
TA,TA,SBrkr,IR1,Normal,2009,153000
TA,TA,SBrkr,Reg,Normal,2006,180000
TA,TA,SBrkr,IR1,Partial,2006,240000
TA,TA,SBrkr,IR1,Normal,2007,125500
TA,TA,SBrkr,Reg,Normal,2010,128000
TA,TA,SBrkr,IR1,Normal,2007,255000
Fa,TA,SBrkr,IR1,Normal,2006,250000
TA,TA,SBrkr,IR1,Normal,2006,131000
TA,TA,SBrkr,IR2,Normal,2009,174000
TA,TA,FuseA,Reg,Normal,2010,154300
TA,TA,SBrkr,IR1,Normal,2009,143500
TA,TA,SBrkr,Reg,Abnorml,2006,88000
TA,TA,FuseA,Reg,Normal,2007,145000
TA,TA,SBrkr,Reg,Partial,2009,173733
TA,TA,SBrkr,Reg,Normal,2007,75000
TA,TA,FuseA,Reg,Abnorml,2006,35311
TA,TA,FuseA,Reg,Normal,2009,135000
TA,TA,SBrkr,IR1,Normal,2007,238000
TA,TA,SBrkr,IR1,Normal,2008,176500
TA,TA,SBrkr,IR1,Normal,2007,201000
,,SBrkr,Reg,Normal,2008,145900
TA,TA,SBrkr,Reg,Partial,2006,169990
TA,TA,SBrkr,Reg,Normal,2008,193000
TA,TA,SBrkr,Reg,Normal,2006,207500
TA,TA,SBrkr,IR1,Abnorml,2008,175000
TA,TA,SBrkr,Reg,Normal,2007,285000
TA,TA,SBrkr,Reg,Normal,2008,176000
TA,TA,SBrkr,Reg,Normal,2009,236500
TA,TA,SBrkr,IR1,Normal,2006,222000
TA,TA,SBrkr,IR1,Normal,2009,201000
TA,TA,SBrkr,Reg,Normal,2009,117500
TA,TA,SBrkr,IR1,Normal,2007,320000
TA,TA,SBrkr,Reg,Normal,2009,190000
TA,TA,SBrkr,IR2,Normal,2008,242000
TA,TA,SBrkr,IR1,Normal,2006,79900
TA,TA,SBrkr,Reg,Normal,2009,184900
TA,TA,SBrkr,Reg,Normal,2009,253000
TA,TA,SBrkr,Reg,Partial,2006,239799
TA,TA,SBrkr,Reg,Normal,2010,244400
TA,TA,SBrkr,IR1,Normal,2006,150900
TA,TA,SBrkr,IR1,Normal,2009,214000
,,SBrkr,IR1,Abnorml,2007,150000
TA,TA,SBrkr,Reg,Normal,2007,143000
TA,TA,FuseA,IR1,Abnorml,2009,137500
TA,TA,SBrkr,Reg,Normal,2009,124900
TA,TA,SBrkr,Reg,Normal,2006,143000
TA,TA,SBrkr,Reg,Normal,2007,270000
TA,TA,SBrkr,IR1,Normal,2006,192500
TA,TA,SBrkr,Reg,Normal,2010,197500
TA,TA,SBrkr,Reg,Normal,2007,129000
TA,TA,SBrkr,Reg,Abnorml,2006,119900
TA,TA,SBrkr,Reg,Normal,2009,133900
TA,TA,SBrkr,IR1,Normal,2008,172000
,,SBrkr,IR1,AdjLand,2006,127500
TA,TA,FuseF,IR1,Normal,2007,145000
TA,TA,SBrkr,Reg,Normal,2009,124000
TA,TA,SBrkr,Reg,Normal,2007,132000
TA,TA,SBrkr,Reg,Normal,2007,185000
TA,TA,SBrkr,Reg,Normal,2010,155000
,,SBrkr,IR1,Normal,2010,116500
TA,TA,SBrkr,IR1,Normal,2008,272000
TA,TA,SBrkr,Reg,Normal,2007,155000
TA,TA,SBrkr,IR1,Normal,2009,239000
TA,TA,SBrkr,Reg,Normal,2010,214900
TA,TA,SBrkr,Reg,Partial,2007,178900
TA,TA,SBrkr,IR1,Normal,2009,160000
TA,TA,SBrkr,IR1,Normal,2008,135000
,,SBrkr,Reg,Abnorml,2009,37900
TA,TA,SBrkr,Reg,Normal,2006,140000
,,FuseA,Reg,Abnorml,2006,135000
TA,TA,SBrkr,Reg,Normal,2009,173000
TA,TA,SBrkr,Reg,Normal,2010,99500
TA,TA,SBrkr,Reg,Partial,2008,182000
TA,TA,SBrkr,IR1,Normal,2009,167500
TA,TA,SBrkr,Reg,Normal,2006,165000
,,FuseA,IR1,Normal,2006,85500
TA,TA,SBrkr,IR1,Partial,2007,199900
TA,TA,SBrkr,Reg,Abnorml,2007,110000
TA,TA,SBrkr,Reg,Normal,2009,139000
TA,TA,SBrkr,IR1,Normal,2008,178400
TA,TA,SBrkr,IR1,Normal,2009,336000
TA,TA,SBrkr,Reg,Normal,2008,159895
TA,TA,SBrkr,Reg,Normal,2008,255900
TA,TA,SBrkr,Reg,Normal,2009,126000
TA,TA,SBrkr,Reg,Normal,2008,125000
Fa,TA,SBrkr,Reg,Normal,2006,117000
TA,TA,SBrkr,IR1,Partial,2010,395192
TA,TA,SBrkr,IR1,Normal,2007,195000
TA,TA,SBrkr,Reg,Partial,2006,197000
TA,TA,SBrkr,Reg,Normal,2006,348000
TA,TA,SBrkr,Reg,Normal,2009,168000
TA,TA,SBrkr,Reg,Normal,2007,187000
TA,TA,SBrkr,Reg,Partial,2006,173900
TA,TA,SBrkr,Reg,Normal,2009,337500
TA,TA,SBrkr,IR1,Abnorml,2006,121600
TA,TA,SBrkr,IR1,Normal,2006,136500
TA,TA,SBrkr,IR1,Normal,2009,185000
TA,Fa,SBrkr,Reg,Normal,2006,91000
TA,TA,SBrkr,Reg,Normal,2010,206000
TA,Fa,FuseF,Reg,Normal,2009,82000
Fa,TA,FuseA,Reg,Abnorml,2007,86000
TA,TA,SBrkr,IR1,Normal,2008,232000
TA,TA,SBrkr,IR1,Normal,2007,136905
TA,TA,SBrkr,Reg,Normal,2009,181000
TA,TA,SBrkr,Reg,Normal,2008,149900
TA,TA,SBrkr,IR3,Normal,2007,163500
TA,TA,SBrkr,Reg,Normal,2009,88000
TA,TA,SBrkr,IR1,Normal,2009,240000
,,SBrkr,Reg,Normal,2006,102000
TA,TA,SBrkr,Reg,Normal,2008,135000
,,SBrkr,Reg,Normal,2010,100000
TA,TA,SBrkr,Reg,Normal,2007,165000
TA,TA,SBrkr,Reg,Normal,2009,85000
TA,TA,SBrkr,Reg,Normal,2007,119200
TA,TA,SBrkr,Reg,Normal,2009,227000
TA,TA,SBrkr,Reg,Normal,2009,203000
TA,TA,SBrkr,IR1,Abnorml,2009,187500
TA,TA,SBrkr,IR1,Normal,2007,160000
TA,TA,SBrkr,Reg,Normal,2006,213490
TA,TA,SBrkr,Reg,Normal,2008,176000
TA,TA,SBrkr,Reg,Partial,2006,194000
Fa,Fa,FuseA,Reg,Normal,2007,87000
TA,TA,SBrkr,Reg,Normal,2008,191000
TA,TA,SBrkr,IR1,Abnorml,2008,287000
TA,TA,SBrkr,Reg,Normal,2007,112500
TA,TA,SBrkr,Reg,Normal,2010,167500
TA,TA,SBrkr,IR1,Partial,2008,293077
TA,TA,SBrkr,Reg,Normal,2007,105000
TA,TA,SBrkr,Reg,Normal,2006,118000
,,SBrkr,Reg,Normal,2006,160000
TA,TA,SBrkr,Reg,Normal,2009,197000
TA,TA,SBrkr,IR1,Abnorml,2006,310000
TA,TA,SBrkr,Reg,Normal,2006,230000
Fa,TA,SBrkr,Reg,Normal,2007,119750
TA,TA,SBrkr,IR1,Normal,2009,84000
TA,TA,SBrkr,IR1,Normal,2009,315500
TA,TA,SBrkr,Reg,Normal,2008,287000
,,SBrkr,Reg,Normal,2009,97000
TA,TA,SBrkr,Reg,Normal,2009,80000
TA,TA,SBrkr,Reg,Normal,2006,155000
TA,TA,SBrkr,Reg,Normal,2008,173000
TA,TA,SBrkr,IR1,Normal,2009,196000
TA,TA,SBrkr,Reg,Normal,2008,262280
TA,TA,SBrkr,Reg,Normal,2009,278000
TA,TA,FuseA,IR1,Normal,2009,139600
TA,TA,SBrkr,IR1,Partial,2006,556581
TA,TA,SBrkr,IR2,Normal,2008,145000
TA,TA,SBrkr,Reg,Normal,2009,115000
TA,TA,SBrkr,Reg,Abnorml,2010,84900
TA,TA,SBrkr,IR1,Partial,2007,176485
TA,TA,SBrkr,IR1,Partial,2007,200141
TA,TA,SBrkr,Reg,Normal,2007,165000
TA,TA,FuseA,Reg,Normal,2010,144500
TA,TA,SBrkr,Reg,Normal,2006,255000
TA,TA,SBrkr,Reg,Abnorml,2008,180000
TA,TA,SBrkr,IR1,Normal,2006,185850
TA,TA,SBrkr,IR2,Normal,2009,248000
TA,TA,SBrkr,IR1,Normal,2009,335000
TA,Fa,SBrkr,IR1,Normal,2007,220000
TA,TA,SBrkr,Reg,Normal,2010,213500
TA,TA,SBrkr,Reg,Normal,2008,81000
TA,TA,SBrkr,Reg,Normal,2007,90000
TA,TA,SBrkr,Reg,Normal,2006,110500
TA,TA,SBrkr,IR1,Normal,2009,154000
TA,TA,SBrkr,Reg,Normal,2010,328000
TA,TA,SBrkr,IR1,Normal,2009,178000
TA,TA,SBrkr,Reg,Normal,2008,167900
TA,TA,SBrkr,Reg,Normal,2006,151400
TA,TA,SBrkr,Reg,Normal,2007,135000
TA,TA,SBrkr,Reg,Normal,2007,135000
TA,TA,SBrkr,Reg,Normal,2009,154000
TA,TA,FuseA,Reg,Normal,2006,91500
TA,TA,SBrkr,IR1,Normal,2009,159500
TA,TA,SBrkr,Reg,Normal,2007,194000
TA,TA,SBrkr,Reg,Normal,2007,219500
TA,TA,SBrkr,Reg,Normal,2006,170000
TA,TA,SBrkr,IR1,Abnorml,2006,138800
TA,TA,SBrkr,Reg,Normal,2006,155900
TA,TA,SBrkr,Reg,Normal,2007,126000
TA,TA,SBrkr,Reg,Abnorml,2008,145000
TA,TA,SBrkr,Reg,Normal,2010,133000
TA,TA,SBrkr,Reg,Normal,2007,192000
TA,TA,SBrkr,Reg,Normal,2006,160000
TA,TA,SBrkr,IR2,Normal,2006,187500
TA,TA,SBrkr,Reg,Normal,2010,147000
TA,TA,SBrkr,Reg,Normal,2010,83500
TA,TA,SBrkr,Reg,Normal,2009,252000
TA,TA,SBrkr,Reg,Normal,2006,137500
TA,TA,SBrkr,IR1,Normal,2006,197000
TA,TA,FuseA,Reg,Normal,2009,92900
TA,TA,SBrkr,Reg,Normal,2008,160000
TA,TA,SBrkr,Reg,Normal,2008,136500
TA,TA,SBrkr,Reg,Normal,2006,146000
TA,TA,SBrkr,Reg,Normal,2010,129000
TA,TA,SBrkr,IR1,Normal,2007,176432
,,SBrkr,Reg,Normal,2007,127000
TA,TA,SBrkr,Reg,Normal,2007,170000
TA,TA,SBrkr,Reg,Normal,2009,128000
TA,TA,SBrkr,IR1,Abnorml,2009,157000
TA,TA,FuseF,Reg,Normal,2009,60000
TA,TA,SBrkr,IR1,Normal,2007,119500
TA,TA,SBrkr,Reg,Family,2007,135000
TA,TA,SBrkr,Reg,Normal,2006,159500
TA,TA,SBrkr,Reg,Normal,2007,106000
TA,TA,SBrkr,IR1,Normal,2010,325000
TA,TA,SBrkr,IR1,Normal,2007,179900
TA,TA,SBrkr,IR3,Partial,2006,274725
TA,TA,SBrkr,Reg,Abnorml,2007,181000
TA,TA,SBrkr,IR1,Normal,2009,280000
TA,TA,SBrkr,Reg,Normal,2008,188000
TA,TA,SBrkr,Reg,Normal,2008,205000
TA,TA,FuseA,IR1,Normal,2006,129900
TA,TA,SBrkr,Reg,Normal,2007,134500
TA,TA,SBrkr,Reg,Normal,2006,117000
TA,TA,SBrkr,Reg,Partial,2007,318000
TA,TA,SBrkr,Reg,Normal,2009,184100
TA,TA,SBrkr,IR1,Normal,2008,130000
TA,TA,SBrkr,Reg,Normal,2008,140000
TA,TA,FuseA,Reg,Normal,2006,133700
TA,TA,FuseA,Reg,Normal,2007,118400
TA,TA,SBrkr,Reg,Partial,2006,212900
TA,TA,FuseA,IR1,Abnorml,2009,112000
,,SBrkr,Reg,Normal,2009,118000
TA,TA,SBrkr,IR1,Normal,2007,163900
Fa,Fa,SBrkr,Reg,Normal,2009,115000
TA,TA,SBrkr,Reg,Normal,2009,174000
TA,TA,SBrkr,IR3,Family,2007,259000
TA,TA,SBrkr,IR1,Normal,2007,215000
TA,TA,SBrkr,Reg,Normal,2007,140000
TA,TA,SBrkr,Reg,Normal,2009,135000
,,SBrkr,Reg,Abnorml,2007,93500
Fa,TA,SBrkr,Reg,Normal,2007,117500
TA,TA,SBrkr,IR1,Normal,2009,239500
TA,TA,SBrkr,IR1,Normal,2007,169000
TA,TA,SBrkr,Reg,Normal,2007,102000
TA,TA,FuseA,Reg,Abnorml,2008,119000
,,SBrkr,Reg,Normal,2010,94000
TA,TA,SBrkr,IR1,Normal,2009,196000
TA,TA,SBrkr,IR1,Normal,2007,144000
TA,TA,SBrkr,Reg,Abnorml,2008,139000
TA,TA,SBrkr,IR1,Normal,2009,197500
TA,TA,SBrkr,Reg,Partial,2007,424870
,,SBrkr,Reg,Normal,2008,80000
TA,TA,FuseA,Reg,Normal,2010,80000
TA,TA,SBrkr,Reg,Family,2006,149000
TA,TA,SBrkr,Reg,Normal,2006,180000
TA,TA,SBrkr,Reg,Normal,2009,174500
TA,TA,SBrkr,Reg,Normal,2008,116900
TA,TA,SBrkr,Reg,Normal,2009,143000
TA,TA,FuseA,IR1,Normal,2007,124000
TA,TA,SBrkr,Reg,Normal,2006,149900
TA,TA,SBrkr,IR1,Abnorml,2006,230000
TA,TA,SBrkr,Reg,Normal,2008,120500
TA,TA,SBrkr,IR1,Normal,2008,201800
TA,TA,SBrkr,IR1,Normal,2007,218000
TA,TA,SBrkr,Reg,Normal,2008,179900
TA,TA,SBrkr,IR1,Normal,2009,230000
TA,TA,SBrkr,Reg,Partial,2008,235128
Gd,TA,SBrkr,Reg,Normal,2008,185000
TA,TA,SBrkr,Reg,Normal,2010,146000
TA,TA,SBrkr,IR1,Normal,2008,224000
TA,TA,SBrkr,Reg,Normal,2007,129000
Fa,TA,SBrkr,Reg,Alloca,2008,108959
TA,TA,SBrkr,IR1,Normal,2007,194000
TA,TA,SBrkr,IR1,Partial,2009,233170
TA,TA,SBrkr,IR1,Normal,2010,245350
TA,TA,SBrkr,IR1,Normal,2006,173000
TA,TA,SBrkr,Reg,Normal,2008,235000
TA,TA,SBrkr,IR1,Normal,2006,625000
TA,TA,SBrkr,Reg,Normal,2008,171000
TA,TA,SBrkr,Reg,Normal,2008,163000
TA,TA,SBrkr,IR1,Normal,2008,171900
,,SBrkr,IR1,Normal,2007,200500
TA,TA,SBrkr,IR1,Normal,2006,239000
TA,TA,SBrkr,Reg,Normal,2007,285000
TA,TA,SBrkr,IR1,Normal,2008,119500
TA,TA,SBrkr,Reg,Normal,2009,115000
Fa,TA,SBrkr,IR1,Normal,2009,154900
,,SBrkr,Reg,Normal,2006,93000
TA,TA,SBrkr,IR2,Normal,2006,250000
TA,TA,SBrkr,IR1,Partial,2008,392500
TA,TA,SBrkr,IR1,Abnorml,2007,745000
TA,TA,SBrkr,Reg,Normal,2006,120000
TA,TA,SBrkr,Reg,Normal,2007,186700
TA,TA,SBrkr,Reg,Normal,2006,104900
Fa,Fa,SBrkr,IR1,Abnorml,2009,95000
TA,TA,SBrkr,Reg,Normal,2006,262000
TA,TA,SBrkr,IR1,Normal,2009,195000
TA,TA,SBrkr,Reg,Normal,2010,189000
TA,TA,SBrkr,Reg,Normal,2007,168000
TA,TA,SBrkr,Reg,Normal,2007,174000
TA,Fa,SBrkr,Reg,Normal,2007,125000
TA,TA,SBrkr,Reg,Normal,2009,165000
TA,TA,SBrkr,Reg,Normal,2010,158000
TA,TA,SBrkr,IR1,Normal,2008,176000
TA,TA,SBrkr,IR1,Partial,2006,219210
TA,TA,SBrkr,IR1,Normal,2006,144000
TA,TA,SBrkr,Reg,Normal,2009,178000
TA,TA,SBrkr,Reg,Normal,2006,148000
TA,TA,SBrkr,Reg,Abnorml,2006,116050
TA,TA,SBrkr,Reg,Normal,2009,197900
TA,TA,SBrkr,Reg,Normal,2009,117000
TA,TA,SBrkr,Reg,Normal,2009,213000
TA,TA,SBrkr,Reg,Normal,2006,153500
TA,TA,SBrkr,IR1,Normal,2009,271900
TA,TA,SBrkr,Reg,Normal,2006,107000
TA,TA,SBrkr,Reg,Normal,2006,200000
TA,TA,SBrkr,Reg,Normal,2008,140000
TA,TA,SBrkr,IR1,Partial,2006,290000
TA,TA,SBrkr,Reg,Normal,2010,189000
TA,TA,SBrkr,IR1,Normal,2010,164000
TA,TA,SBrkr,Reg,Normal,2009,113000
TA,TA,SBrkr,IR1,Normal,2006,145000
TA,TA,SBrkr,IR1,Normal,2006,134500
TA,TA,SBrkr,IR1,Normal,2007,125000
TA,TA,SBrkr,Reg,Normal,2010,112000
TA,TA,SBrkr,Reg,Partial,2009,229456
,,SBrkr,Reg,Normal,2006,80500
,,SBrkr,Reg,Abnorml,2006,91500
TA,TA,SBrkr,IR1,Abnorml,2006,115000
TA,TA,SBrkr,Reg,Normal,2008,134000
TA,TA,SBrkr,Reg,Normal,2007,143000
TA,TA,FuseA,Reg,Normal,2006,137900
TA,TA,SBrkr,IR1,Normal,2008,184000
TA,TA,SBrkr,Reg,Normal,2007,145000
TA,TA,SBrkr,IR1,Normal,2008,214000
TA,TA,SBrkr,Reg,Normal,2008,147000
TA,TA,SBrkr,Reg,Partial,2008,367294
TA,TA,SBrkr,Reg,Normal,2008,127000
TA,TA,SBrkr,IR1,Normal,2007,190000
TA,TA,SBrkr,Reg,Normal,2006,132500
TA,TA,SBrkr,Reg,Normal,2007,101800
TA,TA,SBrkr,IR1,Abnorml,2010,142000
,,FuseA,Reg,Abnorml,2008,130000
Fa,Fa,FuseF,Reg,Normal,2006,138887
TA,TA,SBrkr,Reg,Normal,2010,175500
TA,TA,SBrkr,IR2,Normal,2006,195000
TA,TA,SBrkr,Reg,Abnorml,2006,142500
TA,TA,SBrkr,IR1,Normal,2007,265900
TA,TA,SBrkr,Reg,Normal,2008,224900
TA,TA,SBrkr,Reg,Partial,2007,248328
TA,TA,SBrkr,Reg,Family,2010,170000
TA,TA,SBrkr,Reg,Partial,2006,465000
TA,TA,SBrkr,IR1,Normal,2006,230000
TA,TA,SBrkr,Reg,Abnorml,2007,178000
TA,TA,SBrkr,Reg,Partial,2006,186500
TA,TA,SBrkr,IR1,Normal,2010,169900
Fa,Fa,SBrkr,Reg,Normal,2008,129500
TA,TA,SBrkr,Reg,Normal,2007,119000
TA,TA,SBrkr,Reg,Normal,2010,244000
TA,TA,SBrkr,IR1,Normal,2006,171750
TA,TA,SBrkr,Reg,Normal,2009,130000
TA,TA,SBrkr,IR1,Normal,2007,294000
TA,TA,SBrkr,Reg,Normal,2008,165400
TA,TA,FuseA,Reg,Normal,2007,127500
TA,TA,SBrkr,IR1,Normal,2008,301500
,,SBrkr,Reg,Normal,2009,99900
TA,TA,SBrkr,IR1,Normal,2008,190000
TA,TA,SBrkr,Reg,Normal,2008,151000
TA,TA,SBrkr,IR3,Normal,2009,181000
TA,TA,SBrkr,Reg,Normal,2009,128900
TA,TA,FuseA,Reg,Normal,2009,161500
TA,TA,FuseA,Reg,Normal,2007,180500
TA,TA,SBrkr,Reg,Abnorml,2008,181000
TA,TA,SBrkr,Reg,Normal,2006,183900
TA,TA,FuseF,IR1,Normal,2007,122000
TA,TA,SBrkr,IR1,Normal,2010,378500
TA,TA,SBrkr,IR1,Normal,2008,381000
TA,TA,FuseA,Reg,Normal,2007,144000
TA,TA,SBrkr,Reg,Normal,2010,260000
TA,TA,SBrkr,IR1,Normal,2009,185750
TA,TA,SBrkr,IR1,Normal,2006,137000
TA,TA,SBrkr,IR1,Normal,2008,177000
TA,TA,SBrkr,Reg,Normal,2007,139000
TA,Fa,FuseA,Reg,Normal,2007,137000
TA,TA,SBrkr,IR1,Normal,2009,162000
TA,TA,SBrkr,IR1,Normal,2009,197900
TA,TA,SBrkr,Reg,Normal,2008,237000
TA,TA,FuseA,Reg,Abnorml,2010,68400
TA,TA,SBrkr,IR1,Normal,2009,227000
Gd,Gd,SBrkr,IR1,Normal,2006,180000
TA,TA,SBrkr,IR1,Normal,2009,150500
,,SBrkr,Reg,Normal,2010,139000
TA,TA,SBrkr,Reg,Normal,2010,169000
TA,TA,FuseF,Reg,Normal,2009,132500
TA,TA,SBrkr,Reg,Normal,2010,143000
TA,TA,SBrkr,IR1,Normal,2006,190000
TA,TA,SBrkr,IR1,Normal,2009,278000
TA,TA,SBrkr,IR1,Partial,2006,281000
TA,TA,SBrkr,IR1,Normal,2010,180500
TA,TA,SBrkr,Reg,Normal,2009,119500
TA,TA,SBrkr,Reg,Normal,2009,107500
TA,TA,SBrkr,Reg,Normal,2006,162900
TA,TA,SBrkr,Reg,Normal,2006,115000
TA,TA,SBrkr,Reg,Normal,2006,138500
TA,TA,SBrkr,Reg,Normal,2008,155000
TA,TA,SBrkr,Reg,Partial,2006,140000
TA,TA,SBrkr,IR3,Partial,2008,160000
TA,TA,SBrkr,Reg,Normal,2010,154000
TA,TA,SBrkr,IR1,Normal,2009,225000
TA,TA,SBrkr,IR1,Normal,2009,177500
TA,TA,SBrkr,Reg,Normal,2006,290000
TA,TA,SBrkr,Reg,Normal,2006,232000
TA,TA,SBrkr,Reg,Normal,2006,130000
TA,TA,SBrkr,IR1,Normal,2009,325000
TA,TA,SBrkr,IR1,Partial,2006,202500
TA,TA,SBrkr,Reg,Normal,2009,138000
TA,TA,SBrkr,Reg,Normal,2008,147000
TA,TA,SBrkr,Reg,Normal,2008,179200
TA,TA,SBrkr,Reg,Normal,2010,335000
TA,TA,SBrkr,Reg,Partial,2007,203000
Gd,Gd,SBrkr,IR1,Normal,2007,302000
TA,TA,SBrkr,IR1,Normal,2010,333168
TA,TA,SBrkr,Reg,Normal,2007,119000
TA,TA,SBrkr,Reg,Normal,2008,206900
TA,TA,SBrkr,IR1,Normal,2009,295493
TA,TA,SBrkr,Reg,Partial,2007,208900
TA,TA,SBrkr,IR2,Normal,2006,275000
TA,TA,SBrkr,Reg,Normal,2007,111000
TA,TA,SBrkr,Reg,Normal,2009,156500
TA,Fa,SBrkr,IR1,Normal,2008,72500
TA,TA,SBrkr,IR1,Normal,2010,190000
,,SBrkr,Reg,Normal,2009,82500
TA,TA,SBrkr,Reg,Partial,2007,147000
,,SBrkr,Reg,Normal,2008,55000
,,SBrkr,Reg,Normal,2007,79000
TA,TA,SBrkr,Reg,Normal,2008,130500
Fa,TA,SBrkr,Reg,Normal,2008,256000
TA,TA,SBrkr,IR1,Normal,2006,176500
TA,TA,SBrkr,Reg,Normal,2007,227000
TA,TA,SBrkr,IR1,Normal,2006,132500
Fa,Fa,SBrkr,Reg,Normal,2009,100000
TA,TA,SBrkr,Reg,Normal,2006,125500
TA,TA,SBrkr,Reg,Normal,2009,125000
TA,TA,SBrkr,Reg,Normal,2009,167900
TA,TA,SBrkr,IR1,Normal,2008,135000
,,FuseA,IR1,Normal,2006,52500
TA,TA,SBrkr,IR1,Normal,2006,200000
TA,TA,SBrkr,IR1,Normal,2006,128500
TA,TA,SBrkr,Reg,Normal,2007,123000
TA,TA,SBrkr,Reg,Normal,2008,155000
TA,TA,SBrkr,Reg,Normal,2007,228500
Fa,Fa,SBrkr,Reg,Normal,2009,177000
TA,TA,SBrkr,IR1,Partial,2007,155835
TA,TA,FuseA,Reg,Normal,2007,108500
Gd,TA,SBrkr,IR2,Normal,2006,262500
TA,TA,SBrkr,IR1,Partial,2007,283463
TA,TA,SBrkr,IR3,Normal,2007,215000
,,SBrkr,Reg,Normal,2008,122000
TA,TA,SBrkr,Reg,Normal,2009,200000
TA,TA,SBrkr,IR1,Normal,2008,171000
TA,TA,SBrkr,Reg,Normal,2009,134900
TA,TA,SBrkr,IR1,Normal,2010,410000
TA,TA,SBrkr,IR1,Normal,2008,235000
TA,TA,SBrkr,IR1,Normal,2006,170000
TA,TA,SBrkr,Reg,Normal,2008,110000
TA,TA,SBrkr,IR1,Normal,2010,149900
TA,TA,SBrkr,Reg,Normal,2010,177500
TA,TA,SBrkr,Reg,Normal,2006,315000
TA,TA,SBrkr,Reg,Normal,2008,189000
TA,TA,SBrkr,IR1,Normal,2009,260000
TA,TA,SBrkr,IR1,Normal,2009,104900
TA,TA,SBrkr,IR1,Partial,2007,156932
TA,TA,SBrkr,Reg,Abnorml,2006,144152
TA,TA,SBrkr,Reg,Normal,2010,216000
TA,TA,SBrkr,IR1,Abnorml,2008,193000
TA,TA,SBrkr,Reg,Normal,2006,127000
TA,TA,SBrkr,Reg,Normal,2009,144000
TA,TA,SBrkr,IR2,Normal,2010,232000
TA,TA,SBrkr,Reg,Normal,2009,105000
TA,TA,SBrkr,Reg,Normal,2008,165500
TA,TA,SBrkr,Reg,Normal,2006,274300
TA,TA,SBrkr,Reg,Normal,2007,466500
TA,TA,SBrkr,Reg,Normal,2008,250000
TA,TA,SBrkr,IR1,Partial,2007,239000
Fa,TA,SBrkr,Reg,Normal,2008,91000
TA,TA,SBrkr,Reg,Normal,2009,117000
TA,TA,SBrkr,Reg,Normal,2006,83000
TA,TA,,Reg,Normal,2008,167500
TA,Fa,FuseF,Reg,Normal,2010,58500
TA,TA,SBrkr,IR1,Normal,2008,237500
TA,TA,SBrkr,Reg,Normal,2006,157000
TA,TA,SBrkr,Reg,Normal,2007,112000
TA,TA,SBrkr,Reg,Normal,2009,105000
TA,TA,SBrkr,Reg,Normal,2010,125500
TA,TA,SBrkr,IR1,Normal,2006,250000
TA,TA,SBrkr,Reg,Family,2007,136000
TA,TA,SBrkr,IR1,Normal,2009,377500
TA,TA,SBrkr,Reg,Normal,2007,131000
TA,TA,SBrkr,Reg,Normal,2006,235000
TA,TA,SBrkr,Reg,Normal,2009,124000
TA,TA,SBrkr,Reg,Normal,2006,123000
Gd,TA,SBrkr,Reg,Normal,2008,163000
TA,TA,SBrkr,Reg,Partial,2006,246578
TA,TA,SBrkr,IR1,Normal,2007,281213
TA,TA,SBrkr,IR1,Normal,2010,160000
Fa,Fa,SBrkr,Reg,Normal,2007,137500
TA,TA,FuseA,Reg,Normal,2009,138000
Fa,TA,SBrkr,Reg,Normal,2009,137450
TA,TA,SBrkr,Reg,Normal,2008,120000
TA,TA,SBrkr,IR1,Normal,2008,193000
TA,TA,SBrkr,Reg,Partial,2006,193879
TA,TA,SBrkr,IR1,Normal,2007,282922
TA,TA,SBrkr,Reg,Family,2006,105000
TA,TA,SBrkr,IR1,Normal,2008,275000
TA,TA,SBrkr,Reg,Normal,2009,133000
,,SBrkr,IR1,Normal,2009,112000
TA,TA,SBrkr,Reg,Normal,2010,125500
TA,TA,SBrkr,IR1,Normal,2008,215000
TA,TA,SBrkr,Reg,Normal,2009,230000
TA,TA,SBrkr,Reg,Normal,2009,140000
TA,TA,FuseF,Reg,Normal,2009,90000
TA,TA,SBrkr,IR1,Abnorml,2009,257000
TA,TA,SBrkr,Reg,Normal,2008,207000
TA,TA,SBrkr,Reg,Normal,2009,175900
TA,TA,SBrkr,Reg,Normal,2010,122500
TA,TA,SBrkr,IR1,Normal,2009,340000
TA,TA,SBrkr,Reg,Normal,2008,124000
TA,TA,SBrkr,IR1,Normal,2006,223000
TA,TA,SBrkr,Reg,Normal,2006,179900
TA,TA,SBrkr,Reg,Normal,2010,127500
TA,TA,SBrkr,Reg,Normal,2008,136500
Gd,Gd,SBrkr,IR1,Alloca,2006,274970
TA,TA,SBrkr,Reg,Normal,2007,144000
TA,TA,SBrkr,IR1,Normal,2008,142000
TA,TA,SBrkr,IR1,Normal,2008,271000
TA,TA,FuseA,Reg,Normal,2008,140000
TA,TA,SBrkr,Reg,Abnorml,2010,119000
TA,TA,SBrkr,IR1,Normal,2007,182900
TA,TA,SBrkr,IR3,Normal,2006,192140
TA,TA,SBrkr,IR1,Normal,2009,143750
Fa,Fa,SBrkr,Reg,Normal,2007,64500
TA,TA,SBrkr,IR1,Normal,2008,186500
TA,TA,SBrkr,Reg,Normal,2006,160000
TA,TA,SBrkr,Reg,Abnorml,2008,174000
TA,TA,SBrkr,Reg,Normal,2007,120500
TA,TA,SBrkr,Reg,Partial,2008,394617
TA,TA,FuseA,Reg,Normal,2010,149700
TA,TA,SBrkr,Reg,Normal,2007,197000
TA,TA,SBrkr,IR1,Normal,2008,191000
TA,TA,SBrkr,Reg,Normal,2008,149300
TA,TA,SBrkr,Reg,Normal,2009,310000
Fa,Po,FuseF,Reg,Normal,2009,121000
TA,TA,SBrkr,Reg,Normal,2007,179600
TA,TA,SBrkr,Reg,Normal,2007,129000
TA,TA,SBrkr,IR1,Normal,2010,157900
TA,TA,SBrkr,Reg,Normal,2007,240000
Fa,TA,SBrkr,Reg,Normal,2007,112000
,,SBrkr,Reg,Abnorml,2006,92000
,,SBrkr,Reg,Normal,2009,136000
TA,TA,SBrkr,Reg,Partial,2009,287090
TA,TA,SBrkr,Reg,Normal,2006,145000
,,SBrkr,Reg,Abnorml,2006,84500
TA,TA,SBrkr,Reg,Normal,2009,185000
TA,TA,SBrkr,Reg,Normal,2007,175000
TA,TA,SBrkr,Reg,Normal,2010,210000
TA,TA,SBrkr,Reg,Normal,2010,266500
TA,TA,FuseA,Reg,Normal,2010,142125
TA,TA,SBrkr,Reg,Normal,2008,147500